S,best_single_C1,best_double_C2
1580,1.0,0.982831
1600,1.0,0.991081
1620,1.0,0.994183
1640,1.0,0.993529
