{
  "note": "N-free multi-fidelity search; Omega0=0 (R02 proven). eps0=1e-3, C2>=0.95.",
  "n_eval": 3056,
  "elapsed_s": 2137.6,
  "S1_single": 1580,
  "S1_config": {
    "S": 1580,
    "M": 158,
    "N": 10,
    "F": 27,
    "i": 50.75,
    "u0": 0.0,
    "C1": 1.0,
    "C2": 0.982708,
    "c_min": 1,
    "max_gap_s": 0.0,
    "avg_mult": 3.1464
  },
  "S2_double": 1580,
  "S2_config": {
    "S": 1580,
    "M": 158,
    "N": 10,
    "F": 27,
    "i": 50.75,
    "u0": 18.0,
    "C1": 1.0,
    "C2": 0.982831,
    "c_min": 1,
    "max_gap_s": 0.0,
    "avg_mult": 3.1465
  },
  "delta_S": 0
}