{
  "note": "N-free multi-fidelity search; Omega0=0 (R02 proven). eps0=1e-3, C2>=0.95.",
  "n_eval": 12044,
  "elapsed_s": 8753.0,
  "S1_single": 1320,
  "S1_config": {
    "S": 1320,
    "M": 55,
    "N": 24,
    "F": 18,
    "i": 51.25,
    "u0": 3.75,
    "C1": 0.999774,
    "C2": 0.849268,
    "c_min": 0,
    "max_gap_s": 300.0,
    "avg_mult": 2.6236
  },
  "S2_double": 1440,
  "S2_config": {
    "S": 1440,
    "M": 90,
    "N": 16,
    "F": 22,
    "i": 50.0,
    "u0": 0.0,
    "C1": 0.999178,
    "C2": 0.962746,
    "c_min": 0,
    "max_gap_s": 300.0,
    "avg_mult": 2.8762
  },
  "delta_S": 120
}