{
  "note": "N-free multi-fidelity. IMPORTANT: S1_single/S2_double below are the coarse-fine (4deg/900s -> 2deg/300s) frontier winners. They must be re-verified at 1deg/150s (see verified_1deg_150s), where 300s-optimistic candidates can fail. Omega0=0 (R02). eps0=1e-3, C2>=0.95.",
  "n_eval": 12044,
  "elapsed_s": 8753.0,
  "S1_single": 1320,
  "S1_config": {
    "S": 1320,
    "M": 55,
    "N": 24,
    "F": 18,
    "i": 51.25,
    "u0": 3.75,
    "C1": 0.999774,
    "C2": 0.849268,
    "c_min": 0,
    "max_gap_s": 300.0,
    "avg_mult": 2.6236
  },
  "S2_double": 1440,
  "S2_config": {
    "S": 1440,
    "M": 90,
    "N": 16,
    "F": 22,
    "i": 50.0,
    "u0": 0.0,
    "C1": 0.999178,
    "C2": 0.962746,
    "c_min": 0,
    "max_gap_s": 300.0,
    "avg_mult": 2.8762
  },
  "delta_S": 120,
  "verified_1deg_150s": {
    "S1_single": {
      "S": 1320,
      "M": 55,
      "N": 24,
      "F": 18,
      "i": 51.25,
      "C1": 0.99964,
      "note": "holds at 150s"
    },
    "S2_double": {
      "S": 1480,
      "M": 37,
      "N": 40,
      "F": 31,
      "i": 50.0,
      "C1": 0.99979,
      "C2": 0.9694,
      "note": "300s winner S=1440 (90x16) drops to C1=0.99889<0.999 at 150s; 1480 is the first S meeting BOTH at 150s"
    },
    "delta_S": 160
  },
  "refined_integer_scan_1deg_150s": {
    "method": "integer steps of 2 around frontiers, 450s coarse -> 1deg/150s fine",
    "S1_single_min": 1302,
    "S1_config": {
      "M": 62,
      "N": 21,
      "F": 30,
      "i": 51.5,
      "u0": 11.4,
      "C1": 0.99929
    },
    "S2_double_min": 1480,
    "S2_config": {
      "M": 37,
      "N": 40,
      "F": 31,
      "i": 50.0,
      "u0": 0.0,
      "C1": 0.99979,
      "C2": 0.9694
    },
    "S2_note": "1482 (38x39,F=37) feasible at 450s, fails at 1deg/150s (C1=0.99854<0.999). 1480 is the true 150s minimum.",
    "delta_S": 178
  }
}